Disc,X,Y,Z,Other Items
13,-132,66,-48,Jukebox; Bow; Arrow; Arrow; Arrow
cat,-134,70,-45,Stone Sword
blocks,11,88,-22,Iron Helmet; Iron Chestplate; Iron Leggings; Iron Boots
chirp,-195,56,-36,Golden Helmet; Golden Chestplate; Golden Leggings; Golden Boots
far,-152,78,-230,Iron Sword
mall,94,74,295,Diamond Shovel
mellohi,166,85,-164,Diamond Axe
stal,40,114,-100,Diamond Sword
strad,-147,89,-33,Diamond Helmet; Diamond Chestplate; Diamond Leggings; Diamond Boots
ward,36,82,-61,Diamond Shovel
11,-189,74,39,Diamond Shovel
where are we now,267,64,329,Diamond Pickaxe
